<?xml version="1.0"?>
<data grt_format="2.0">
  <value _ptr_="00000224858DAEE0" type="list" content-type="object" content-struct-name="db.mgmt.Connection">
    <value type="object" struct-name="db.mgmt.Connection" id="{38102F8F-3C4D-4156-A4A6-EE8D682D3C5F}" struct-checksum="0x96ba47d8">
      <link type="object" struct-name="db.mgmt.Driver" key="driver">com.mysql.rdbms.mysql.driver.native</link>
      <value type="string" key="hostIdentifier">Mysql@127.0.0.1:3306</value>
      <value type="int" key="isDefault">1</value>
      <value _ptr_="00000224814F9B80" type="dict" key="modules"/>
      <value _ptr_="00000224814FA060" type="dict" key="parameterValues">
        <value type="string" key="SQL_MODE"></value>
        <value type="string" key="hostName">127.0.0.1</value>
        <value type="int" key="lastConnected">1732796626</value>
        <value type="string" key="password"></value>
        <value type="int" key="port">3306</value>
        <value type="string" key="schema"></value>
        <value type="string" key="serverVersion">8.0.40</value>
        <value type="string" key="sslCA"></value>
        <value type="string" key="sslCert"></value>
        <value type="string" key="sslCipher"></value>
        <value type="string" key="sslKey"></value>
        <value type="int" key="useSSL">1</value>
        <value type="string" key="userName">jery</value>
      </value>
      <value type="string" key="name">localConnection</value>
      <link type="object" struct-name="GrtObject" key="owner">{75A14F05-CA82-4BF2-937E-5A6CAEE45953}</link>
    </value>
    <value type="object" struct-name="db.mgmt.Connection" id="{145316EA-536B-4EBB-87E4-C0FDC7418C4D}" struct-checksum="0x96ba47d8">
      <link type="object" struct-name="db.mgmt.Driver" key="driver">com.mysql.rdbms.mysql.driver.native</link>
      <value type="string" key="hostIdentifier">Mysql@127.0.0.1:3306</value>
      <value type="int" key="isDefault">0</value>
      <value _ptr_="00000224814F8D40" type="dict" key="modules"/>
      <value _ptr_="00000224814FABA0" type="dict" key="parameterValues">
        <value type="string" key="SQL_MODE"></value>
        <value type="string" key="hostName">127.0.0.1</value>
        <value type="int" key="lastConnected">1732796389</value>
        <value type="string" key="password"></value>
        <value type="int" key="port">3306</value>
        <value type="string" key="schema"></value>
        <value type="string" key="serverVersion">8.0.40</value>
        <value type="string" key="sslCA"></value>
        <value type="string" key="sslCert"></value>
        <value type="string" key="sslCipher"></value>
        <value type="string" key="sslKey"></value>
        <value type="int" key="useSSL">1</value>
        <value type="string" key="userName">jose</value>
      </value>
      <value type="string" key="name">JoseConnection</value>
      <link type="object" struct-name="GrtObject" key="owner">{75A14F05-CA82-4BF2-937E-5A6CAEE45953}</link>
    </value>
    <value type="object" struct-name="db.mgmt.Connection" id="{3D3324BF-4386-4C6E-B3AD-1EDB6C9909B7}" struct-checksum="0x96ba47d8">
      <link type="object" struct-name="db.mgmt.Driver" key="driver">com.mysql.rdbms.mysql.driver.native</link>
      <value type="string" key="hostIdentifier">Mysql@127.0.0.1:3306</value>
      <value type="int" key="isDefault">0</value>
      <value _ptr_="00000224814FAA20" type="dict" key="modules"/>
      <value _ptr_="00000224814FA540" type="dict" key="parameterValues">
        <value type="string" key="SQL_MODE"></value>
        <value type="string" key="hostName">127.0.0.1</value>
        <value type="string" key="password"></value>
        <value type="int" key="port">3306</value>
        <value type="string" key="schema"></value>
        <value type="string" key="sslCA"></value>
        <value type="string" key="sslCert"></value>
        <value type="string" key="sslCipher"></value>
        <value type="string" key="sslKey"></value>
        <value type="int" key="useSSL">1</value>
        <value type="string" key="userName">root</value>
      </value>
      <value type="string" key="name">Local Instance MySQL</value>
      <link type="object" struct-name="GrtObject" key="owner">{75A14F05-CA82-4BF2-937E-5A6CAEE45953}</link>
    </value>
  </value>
</data>
