<?xml version="1.0"?>
<data grt_format="2.0">
  <value _ptr_="00000224858DAD90" type="list" content-type="object" content-struct-name="db.mgmt.ServerInstance">
    <value type="object" struct-name="db.mgmt.ServerInstance" id="{DF36F881-67EB-4E71-9F3E-C3342F03D838}" struct-checksum="0x367436e2">
      <link type="object" struct-name="db.mgmt.Connection" key="connection">{38102F8F-3C4D-4156-A4A6-EE8D682D3C5F}</link>
      <value _ptr_="00000224814FAAE0" type="dict" key="loginInfo">
        <value type="string" key="ssh.port">22</value>
        <value type="int" key="ssh.useKey">0</value>
        <value type="string" key="wmi.hostName">127.0.0.1</value>
        <value type="string" key="wmi.userName"></value>
      </value>
      <value _ptr_="00000224814FAD20" type="dict" key="serverInfo">
        <value type="string" key="serverVersion">8.0.40</value>
        <value type="int" key="setupPending">0</value>
        <value type="string" key="sys.config.path">C:\ProgramData\MySQL\MySQL Server 8.0\my.ini</value>
        <value type="string" key="sys.config.section">mysqld</value>
        <value type="string" key="sys.mysqld.service_name">MySQL80</value>
        <value type="string" key="sys.preset"></value>
        <value type="string" key="sys.sudo"></value>
        <value type="string" key="sys.system">Windows</value>
        <value type="int" key="sys.usesudo">0</value>
        <value type="int" key="sys.usesudostatus">0</value>
        <value type="int" key="windowsAdmin">1</value>
      </value>
      <value type="string" key="name">localConnection</value>
    </value>
    <value type="object" struct-name="db.mgmt.ServerInstance" id="{8FFAB0A2-1B48-425F-BD22-0091DFF51B1A}" struct-checksum="0x367436e2">
      <link type="object" struct-name="db.mgmt.Connection" key="connection">{38102F8F-3C4D-4156-A4A6-EE8D682D3C5F}</link>
      <value _ptr_="00000224814F8020" type="dict" key="loginInfo">
        <value type="string" key="ssh.hostName"></value>
        <value type="string" key="ssh.key">C:\Users\jewom\AppData\Roaming/.ssh/ssh_private_key</value>
        <value type="string" key="ssh.localPort">3306</value>
        <value type="int" key="ssh.useKey">0</value>
        <value type="string" key="ssh.userName">mysql</value>
      </value>
      <value _ptr_="00000224814F8680" type="dict" key="serverInfo">
        <value type="int" key="setupPending">1</value>
        <value type="int" key="windowsAdmin">1</value>
      </value>
      <value type="string" key="name">local</value>
    </value>
    <value type="object" struct-name="db.mgmt.ServerInstance" id="{CC156835-712E-441C-B323-43B351A380ED}" struct-checksum="0x367436e2">
      <link type="object" struct-name="db.mgmt.Connection" key="connection">{145316EA-536B-4EBB-87E4-C0FDC7418C4D}</link>
      <value _ptr_="00000224814F8800" type="dict" key="loginInfo">
        <value type="string" key="ssh.hostName"></value>
        <value type="string" key="ssh.key">C:\Users\jewom\AppData\Roaming/.ssh/ssh_private_key</value>
        <value type="string" key="ssh.localPort">3306</value>
        <value type="int" key="ssh.useKey">0</value>
        <value type="string" key="ssh.userName">mysql</value>
      </value>
      <value _ptr_="00000224814F7660" type="dict" key="serverInfo">
        <value type="string" key="serverVersion">8.0.40</value>
        <value type="int" key="setupPending">1</value>
        <value type="int" key="windowsAdmin">1</value>
      </value>
      <value type="string" key="name">JoseConnection</value>
    </value>
    <value type="object" struct-name="db.mgmt.ServerInstance" id="{F82C2E40-2559-4C4E-91AF-4512BBDF12A1}" struct-checksum="0x367436e2">
      <link type="object" struct-name="db.mgmt.Connection" key="connection">{3D3324BF-4386-4C6E-B3AD-1EDB6C9909B7}</link>
      <value _ptr_="00000224814F7B40" type="dict" key="loginInfo">
        <value type="string" key="ssh.hostName"></value>
        <value type="string" key="ssh.key">C:\Users\jewom\AppData\Roaming/.ssh/ssh_private_key</value>
        <value type="string" key="ssh.localPort">3306</value>
        <value type="int" key="ssh.useKey">0</value>
        <value type="string" key="ssh.userName">mysql</value>
      </value>
      <value _ptr_="00000224814F8260" type="dict" key="serverInfo">
        <value type="int" key="setupPending">1</value>
        <value type="int" key="windowsAdmin">1</value>
      </value>
      <value type="string" key="name">Local Instance MySQL</value>
    </value>
  </value>
</data>
